<?xml version="1.0" encoding="iso-8859-1"?>
<mosinstall type="template" version="1.0.0">
	<name>Red Evolution Citrus Ice</name>
	<creationDate>06/12/06</creationDate>
	<author>Red Evolution</author>
    <copyright>GNU/GPL</copyright>
    <authorEmail>info@redevolution.com</authorEmail>
    <authorUrl>http://www.redevolution.com</authorUrl>
	<version>1.0</version>
	<description>Red Evolution Citrus Ice</description>
	<files>
		<filename>index.php</filename>
		<filename>template_thumbnail.png</filename>
	</files>
	<images>
		<filename>images/arrow.png</filename>
		<filename>images/arrow.gif</filename>
		<filename>images/bg.gif</filename>
		<filename>images/bigarrow_blue.gif</filename>
		<filename>images/blackline.png</filename>
		<filename>images/blue.png</filename>
		<filename>images/green.png</filename>
		<filename>images/greenbg_bottom.gif</filename>
		<filename>images/greenbg_m.gif</filename>
		<filename>images/greenbg_top.gif</filename>
		<filename>images/greenline.png</filename>
		<filename>images/leftbg_bl.gif</filename>
		<filename>images/leftbg_tr.gif</filename>
		<filename>images/link_bg.gif</filename>
		<filename>images/mainbodybg_tr.gif</filename>
		<filename>images/rightbg_bl.gif</filename>
		<filename>images/rightbg_tr.gif</filename>
	</images>
	<css>
		<filename>css/template_css.css</filename>
	</css>
</mosinstall>
